,,ddd,,
,A,B,C,D
a,0.711329928,0.521021995,0.037887435,0.416953292
b,0.114756598,0.582068331,0.621693236,0.336591015
c,0.106165794,0.013612547,0.256510039,0.403311492
